{
	"parent": "minecraft:item/guns/pistol/pistol",
	"textures": {
		"1": "minecraft:item/guns/pistol/pistol",
		"particle": "minecraft:item/guns/pistol/pistol"
	},
	"display": {
		"firstperson_righthand": {
			"translation": [-9, 2, 0],
			"scale": [1.5, 1.5, 1.5]
		},
		"firstperson_lefthand": {
			"rotation": [0, -10, 0],
			"translation": [1.5, 2, 0],
			"scale": [1.5, 1.5, 1.5]
		},
		"gui": {
			"rotation": [0, 90, 0],
			"scale": [2, 2, 2]
		},
		"fixed": {
			"rotation": [0, 90, 0],
			"scale": [2, 2, 2]
		}
	}
}