{
  	"use_animation": "spear",
	"credit": "Model by MrCrayfish (https://twitter.com/MrCraayfish) using Blockbench",
	"textures": {
		"1": "minecraft:item/guns/pistol/pistol",
		"particle": "minecraft:item/guns/pistol/pistol"
	},
	"elements": [
		{
			"from": [7.9, 10, 5.6],
			"to": [8.1, 10.5, 6],
			"rotation": {"angle": 0, "axis": "y", "origin": [8, 13.7, 2.25]},
			"faces": {
				"north": {"uv": [0, 5, 1, 6], "texture": "#1"},
				"east": {"uv": [0, 5, 1, 6], "texture": "#1"},
				"south": {"uv": [0, 5, 1, 6], "texture": "#1"},
				"west": {"uv": [0, 5, 1, 6], "texture": "#1"},
				"up": {"uv": [0, 5, 1, 6], "texture": "#1"}
			}
		},
		{
			"from": [7.4, 8.75, 5.15],
			"to": [8.6, 9.7, 9.95],
			"rotation": {"angle": 0, "axis": "y", "origin": [8, 14, 1.95]},
			"faces": {
				"north": {"uv": [0, 2, 4, 4], "texture": "#1", "tintindex": 0},
				"east": {"uv": [14, 2, 4, 4], "texture": "#1", "tintindex": 0},
				"south": {"uv": [11, 9, 14, 11], "texture": "#1", "tintindex": 0},
				"west": {"uv": [4, 2, 14, 4], "texture": "#1", "tintindex": 0}
			}
		},
		{
			"from": [7.4, 8.25, 5.15],
			"to": [8.6, 8.75, 9.95],
			"rotation": {"angle": 0, "axis": "y", "origin": [8, 14, 1.95]},
			"faces": {
				"north": {"uv": [0, 4, 4, 5], "texture": "#1"},
				"east": {"uv": [14, 4, 4, 5], "texture": "#1"},
				"south": {"uv": [11, 11, 14, 12], "texture": "#1"},
				"west": {"uv": [4, 4, 14, 5], "texture": "#1"},
				"down": {"uv": [4, 5, 14, 8], "rotation": 270, "texture": "#1"}
			}
		},
		{
			"from": [7.11717, 9.41713, 5.151],
			"to": [7.54137, 9.81713, 9.949],
			"rotation": {"angle": 45, "axis": "z", "origin": [7.39997, 10.09997, 4.45]},
			"faces": {
				"north": {"uv": [3, 0, 4, 1], "texture": "#1", "tintindex": 0},
				"south": {"uv": [11, 8, 12, 9], "texture": "#1", "tintindex": 0},
				"up": {"uv": [4, 1, 14, 2], "rotation": 90, "texture": "#1", "tintindex": 0}
			}
		},
		{
			"from": [7.7, 9.7, 5.15],
			"to": [8.3, 10, 9.95],
			"rotation": {"angle": 0, "axis": "y", "origin": [7.9, 14.1, 1.95]},
			"faces": {
				"north": {"uv": [1, 0, 3, 1], "texture": "#1", "tintindex": 0},
				"south": {"uv": [12, 8, 13, 9], "texture": "#1", "tintindex": 0},
				"up": {"uv": [4, 0, 14, 1], "rotation": 90, "texture": "#1", "tintindex": 0}
			}
		},
		{
			"from": [8.4464, 9.3876, 5.151],
			"to": [8.8706, 9.7876, 9.949],
			"rotation": {"angle": -45, "axis": "z", "origin": [8.62956, 10.07044, 4.45]},
			"faces": {
				"north": {"uv": [0, 0, 1, 1], "texture": "#1", "tintindex": 0},
				"south": {"uv": [13, 8, 14, 9], "texture": "#1", "tintindex": 0},
				"up": {"uv": [14, 1, 4, 2], "rotation": 270, "texture": "#1", "tintindex": 0}
			}
		},
		{
			"from": [7.401, 5.4, 7.7],
			"to": [8.599, 8.6, 9],
			"rotation": {"angle": -22.5, "axis": "x", "origin": [8, 10.5, 9]},
			"faces": {
				"north": {"uv": [7, 9, 9, 15], "texture": "#1"},
				"east": {"uv": [5, 9, 7, 15], "texture": "#1"},
				"south": {"uv": [3, 9, 5, 15], "texture": "#1"},
				"west": {"uv": [1, 9, 3, 15], "texture": "#1"},
				"down": {"uv": [11, 8, 9, 10], "texture": "#1"}
			}
		},
		{
			"from": [7.8, 7.575, 8.325],
			"to": [8.2, 8.3, 8.85],
			"rotation": {"angle": 0, "axis": "y", "origin": [0, 6, -6]},
			"faces": {
				"north": {"uv": [9, 10, 10, 11], "texture": "#1"},
				"east": {"uv": [9, 10, 10, 11], "texture": "#1"},
				"west": {"uv": [9, 10, 10, 11], "texture": "#1"},
				"down": {"uv": [9, 10, 10, 11], "texture": "#1"}
			}
		},
		{
			"from": [7.75, 6.875, 7.725],
			"to": [8.25, 7.375, 9.125],
			"rotation": {"angle": 0, "axis": "y", "origin": [7.9, 13.3, 2.3]},
			"faces": {
				"east": {"uv": [8, 11, 9, 12], "texture": "#1"},
				"west": {"uv": [8, 11, 9, 12], "texture": "#1"},
				"up": {"uv": [8, 11, 9, 12], "texture": "#1"},
				"down": {"uv": [8, 11, 9, 12], "texture": "#1"}
			}
		},
		{
			"from": [7.751, 6.875, 7.0179],
			"to": [8.249, 7.375, 7.725],
			"rotation": {"angle": 45, "axis": "x", "origin": [8, 6.875, 7.725]},
			"faces": {
				"east": {"uv": [8, 11, 9, 12], "texture": "#1"},
				"west": {"uv": [8, 11, 9, 12], "texture": "#1"},
				"up": {"uv": [8, 11, 9, 12], "texture": "#1"},
				"down": {"uv": [8, 11, 9, 12], "texture": "#1"}
			}
		},
		{
			"from": [7.75, 7.375, 7.225],
			"to": [8.25, 8.275, 7.725],
			"rotation": {"angle": 0, "axis": "y", "origin": [7.9, 13.3, 1.8]},
			"faces": {
				"north": {"uv": [8, 11, 9, 12], "texture": "#1"},
				"east": {"uv": [8, 11, 9, 12], "texture": "#1"},
				"south": {"uv": [8, 11, 9, 12], "texture": "#1"},
				"west": {"uv": [8, 11, 9, 12], "texture": "#1"}
			}
		},
		{
			"from": [7.5, 9, 4.65],
			"to": [7.75, 9.6, 5.15],
			"rotation": {"angle": 0, "axis": "y", "origin": [8, 14.1, 2.85]},
			"faces": {
				"north": {"uv": [0, 8, 1, 9], "texture": "#1"},
				"east": {"uv": [0, 8, 1, 9], "texture": "#1"},
				"west": {"uv": [0, 8, 1, 9], "texture": "#1"}
			}
		},
		{
			"from": [7.71213, 9.68787, 4.651],
			"to": [7.91213, 9.96987, 5.151],
			"rotation": {"angle": -45, "axis": "z", "origin": [7.5, 9.9, -4.15]},
			"faces": {
				"north": {"uv": [0, 8, 1, 9], "texture": "#1"},
				"west": {"uv": [0, 7, 1, 8], "texture": "#1"}
			}
		},
		{
			"from": [7.7, 9.55, 4.65],
			"to": [8.3, 9.8, 5.15],
			"rotation": {"angle": 0, "axis": "y", "origin": [8, 14.1, 2.85]},
			"faces": {
				"north": {"uv": [0, 8, 1, 9], "texture": "#1"},
				"up": {"uv": [0, 6, 1, 7], "rotation": 90, "texture": "#1"},
				"down": {"uv": [0, 8, 1, 9], "texture": "#1"}
			}
		},
		{
			"from": [7.75, 9.05, 5.05],
			"to": [8.25, 9.55, 5.15],
			"rotation": {"angle": 0, "axis": "y", "origin": [8, 13.6, 2.85]},
			"faces": {
				"north": {"uv": [1, 2, 2, 3], "texture": "#1"}
			}
		},
		{
			"from": [8.08787, 9.68787, 4.651],
			"to": [8.28787, 9.96987, 5.151],
			"rotation": {"angle": 45, "axis": "z", "origin": [8.5, 9.9, -4.15]},
			"faces": {
				"north": {"uv": [0, 8, 1, 9], "texture": "#1"},
				"east": {"uv": [0, 7, 1, 8], "rotation": 180, "texture": "#1"}
			}
		},
		{
			"from": [8.25, 9, 4.65],
			"to": [8.5, 9.6, 5.15],
			"rotation": {"angle": 0, "axis": "y", "origin": [8, 14.1, 2.85]},
			"faces": {
				"north": {"uv": [0, 8, 1, 9], "texture": "#1"},
				"east": {"uv": [0, 8, 1, 9], "rotation": 180, "texture": "#1"},
				"west": {"uv": [0, 8, 1, 9], "texture": "#1"}
			}
		},
		{
			"from": [8.51213, 8.80587, 4.651],
			"to": [8.71213, 9.08787, 5.151],
			"rotation": {"angle": -45, "axis": "z", "origin": [8.5, 9.3, -4.15]},
			"faces": {
				"north": {"uv": [0, 8, 1, 9], "texture": "#1"},
				"east": {"uv": [0, 9, 1, 10], "rotation": 180, "texture": "#1"}
			}
		},
		{
			"from": [7.7, 8.8, 4.65],
			"to": [8.3, 9.05, 5.15],
			"rotation": {"angle": 0, "axis": "y", "origin": [8, 14.1, 2.85]},
			"faces": {
				"north": {"uv": [0, 8, 1, 9], "texture": "#1"},
				"up": {"uv": [0, 8, 1, 9], "texture": "#1"},
				"down": {"uv": [0, 10, 1, 11], "rotation": 270, "texture": "#1"}
			}
		},
		{
			"from": [7.28787, 8.80587, 4.651],
			"to": [7.48787, 9.08787, 5.151],
			"rotation": {"angle": 45, "axis": "z", "origin": [7.5, 9.3, -4.15]},
			"faces": {
				"north": {"uv": [0, 8, 1, 9], "texture": "#1"},
				"west": {"uv": [0, 9, 1, 10], "texture": "#1"}
			}
		}
	],
	"display": {
		"firstperson_righthand": {
			"rotation": [0, -10, 0],
			"translation": [1.5, 2, 0],
			"scale": [1.5, 1.5, 1.5]
		},
		"firstperson_lefthand": {
			"rotation": [0, -10, 0],
			"translation": [1.5, 2, 0],
			"scale": [1.5, 1.5, 1.5]
		},
		"gui": {
			"rotation": [0, 90, 0],
			"scale": [2, 2, 2]
		},
		"fixed": {
			"rotation": [0, 90, 0],
			"scale": [2, 2, 2]
		}
	}
}