{
	"parent": "minecraft:block/block",
	"texture_size": [32, 32],
	"textures": {
		"1": "minecraft:item/decoration/shells/drop_mortart_shell",
		"particle": "minecraft:item/decoration/shells/drop_mortart_shell"
	},
	"elements": [
		{
			"from": [7, 0, 7],
			"to": [9, 3, 9],
			"faces": {
				"north": {"uv": [6.4, 11.2, 8, 13.6], "texture": "#1"},
				"east": {"uv": [6.4, 11.2, 8, 13.6], "texture": "#1"},
				"south": {"uv": [6.4, 11.2, 8, 13.6], "texture": "#1"},
				"west": {"uv": [6.4, 11.2, 8, 13.6], "texture": "#1"},
				"down": {"uv": [1.6, 13.6, 0, 15.2], "texture": "#1"}
			}
		},
		{
			"from": [3, 2, 3],
			"to": [13, 16, 13],
			"faces": {
				"north": {"uv": [0, 0, 8, 11.2], "texture": "#1"},
				"east": {"uv": [0, 0, 8, 11.2], "texture": "#1"},
				"south": {"uv": [0, 0, 8, 11.2], "texture": "#1"},
				"west": {"uv": [0, 0, 8, 11.2], "texture": "#1"},
				"up": {"uv": [16, 8, 8, 0], "texture": "#1"},
				"down": {"uv": [16, 8, 8, 16], "texture": "#1"}
			}
		},
		{
			"from": [8, 0, 4],
			"to": [8, 3, 12],
			"faces": {
				"east": {"uv": [0, 11.2, 6.4, 13.6], "texture": "#1"},
				"west": {"uv": [0, 11.2, 6.4, 13.6], "texture": "#1"}
			}
		},
		{
			"from": [4, 0, 8],
			"to": [12, 3, 8],
			"faces": {
				"north": {"uv": [0, 11.2, 6.4, 13.6], "texture": "#1"},
				"south": {"uv": [0, 11.2, 6.4, 13.6], "texture": "#1"}
			}
		}
	],
	"display": {
		"thirdperson_righthand": {
			"scale": [0.35, 0.35, 0.35]
		},
		"thirdperson_lefthand": {
			"scale": [0.35, 0.35, 0.35]
		},
		"firstperson_righthand": {
			"translation": [2.25, 1.75, 0],
			"scale": [0.35, 0.35, 0.35]
		},
		"firstperson_lefthand": {
			"translation": [2.25, 1.75, 0],
			"scale": [0.35, 0.35, 0.35]
		},
		"ground": {
			"translation": [0, 2.25, 0],
			"scale": [0.35, 0.35, 0.35]
		},
		"gui": {
			"rotation": [0, -38, -17],
			"scale": [0.75, 0.75, 0.75]
		},
		"head": {
			"rotation": [180, 0, 0],
			"translation": [0, 14.5, 0]
		},
		"fixed": {
			"translation": [0, 0, 0.75],
			"scale": [0.75, 0.75, 0.75]
		}
	}
}